ACCUMULO-3,Bug,Resolved,Fixed
ACCUMULO-5,Bug,Resolved,Fixed
ACCUMULO-6,Bug,Resolved,Fixed
ACCUMULO-7,Bug,Resolved,Fixed
ACCUMULO-9,Bug,Resolved,Fixed
ACCUMULO-11,Bug,Resolved,Fixed
ACCUMULO-16,Bug,Resolved,Fixed
ACCUMULO-17,Bug,Resolved,Fixed
ACCUMULO-26,Bug,Resolved,Fixed
ACCUMULO-32,Bug,Resolved,Fixed
ACCUMULO-46,Bug,Resolved,Fixed
ACCUMULO-51,Bug,Resolved,Fixed
ACCUMULO-52,Bug,Resolved,Fixed
ACCUMULO-53,Bug,Resolved,Fixed
ACCUMULO-54,Bug,Resolved,Fixed
ACCUMULO-55,Bug,Resolved,Fixed
ACCUMULO-56,Bug,Resolved,Fixed
ACCUMULO-58,Bug,Resolved,Fixed
ACCUMULO-59,Bug,Resolved,Fixed
ACCUMULO-60,Bug,Resolved,Fixed
ACCUMULO-62,Bug,Resolved,Fixed
ACCUMULO-63,Bug,Resolved,Fixed
ACCUMULO-64,Bug,Resolved,Fixed
ACCUMULO-65,Bug,Resolved,Fixed
ACCUMULO-66,Bug,Resolved,Fixed
ACCUMULO-71,Bug,Resolved,Fixed
ACCUMULO-72,Bug,Resolved,Fixed
ACCUMULO-73,Bug,Resolved,Fixed
ACCUMULO-79,Bug,Resolved,Fixed
ACCUMULO-83,Bug,Resolved,Fixed
ACCUMULO-88,Bug,Resolved,Fixed
ACCUMULO-89,Bug,Resolved,Fixed
ACCUMULO-91,Bug,Resolved,Fixed
ACCUMULO-93,Bug,Resolved,Fixed
ACCUMULO-94,Bug,Resolved,Fixed
ACCUMULO-95,Bug,Resolved,Fixed
ACCUMULO-96,Bug,Resolved,Fixed
ACCUMULO-98,Bug,Resolved,Fixed
ACCUMULO-99,Bug,Resolved,Fixed
ACCUMULO-100,Bug,Resolved,Fixed
ACCUMULO-102,Bug,Resolved,Fixed
ACCUMULO-104,Bug,Resolved,Fixed
ACCUMULO-105,Bug,Resolved,Fixed
ACCUMULO-107,Bug,Resolved,Fixed
ACCUMULO-108,Bug,Resolved,Fixed
ACCUMULO-109,Bug,Resolved,Fixed
ACCUMULO-110,Bug,Resolved,Fixed
ACCUMULO-113,Bug,Resolved,Fixed
ACCUMULO-117,Bug,Resolved,Fixed
ACCUMULO-122,Bug,Resolved,Fixed
ACCUMULO-124,Bug,Resolved,Fixed
ACCUMULO-125,Bug,Resolved,Fixed
ACCUMULO-126,Bug,Resolved,Fixed
ACCUMULO-128,Bug,Resolved,Fixed
ACCUMULO-130,Bug,Resolved,Fixed
ACCUMULO-131,Bug,Resolved,Fixed
ACCUMULO-151,Bug,Resolved,Fixed
ACCUMULO-157,Bug,Resolved,Fixed
ACCUMULO-158,Bug,Resolved,Fixed
ACCUMULO-160,Bug,Resolved,Fixed
ACCUMULO-165,Bug,Resolved,Fixed
ACCUMULO-166,Bug,Resolved,Fixed
ACCUMULO-168,Bug,Resolved,Fixed
ACCUMULO-170,Bug,Resolved,Fixed
ACCUMULO-176,Bug,Resolved,Fixed
ACCUMULO-177,Bug,Resolved,Fixed
ACCUMULO-178,Bug,Resolved,Fixed
ACCUMULO-179,Bug,Resolved,Fixed
ACCUMULO-182,Bug,Resolved,Fixed
ACCUMULO-184,Bug,Resolved,Fixed
ACCUMULO-189,Bug,Resolved,Fixed
ACCUMULO-191,Bug,Resolved,Fixed
ACCUMULO-192,Bug,Resolved,Fixed
ACCUMULO-193,Bug,Resolved,Fixed
ACCUMULO-194,Bug,Resolved,Fixed
ACCUMULO-195,Bug,Resolved,Fixed
ACCUMULO-202,Bug,Resolved,Fixed
ACCUMULO-204,Bug,Resolved,Fixed
ACCUMULO-205,Bug,Resolved,Fixed
ACCUMULO-206,Bug,Resolved,Fixed
ACCUMULO-207,Bug,Resolved,Fixed
ACCUMULO-209,Bug,Resolved,Fixed
ACCUMULO-213,Bug,Resolved,Fixed
ACCUMULO-214,Bug,Resolved,Fixed
ACCUMULO-215,Bug,Resolved,Fixed
ACCUMULO-216,Bug,Resolved,Fixed
ACCUMULO-217,Bug,Resolved,Fixed
ACCUMULO-218,Bug,Resolved,Fixed
ACCUMULO-219,Bug,Resolved,Fixed
ACCUMULO-223,Bug,Resolved,Fixed
ACCUMULO-226,Bug,Resolved,Fixed
ACCUMULO-228,Bug,Resolved,Fixed
ACCUMULO-230,Bug,Resolved,Fixed
ACCUMULO-232,Bug,Resolved,Fixed
ACCUMULO-234,Bug,Resolved,Fixed
ACCUMULO-235,Bug,Resolved,Fixed
ACCUMULO-236,Bug,Resolved,Fixed
ACCUMULO-237,Bug,Resolved,Fixed
ACCUMULO-240,Bug,Resolved,Fixed
ACCUMULO-243,Bug,Resolved,Fixed
ACCUMULO-253,Bug,Resolved,Fixed
ACCUMULO-264,Bug,Resolved,Fixed
ACCUMULO-267,Bug,Resolved,Fixed
ACCUMULO-269,Bug,Resolved,Fixed
ACCUMULO-270,Bug,Resolved,Fixed
ACCUMULO-271,Bug,Resolved,Fixed
ACCUMULO-281,Bug,Resolved,Fixed
ACCUMULO-292,Bug,Resolved,Fixed
ACCUMULO-293,Bug,Resolved,Fixed
ACCUMULO-295,Bug,Resolved,Fixed
ACCUMULO-296,Bug,Resolved,Fixed
ACCUMULO-297,Bug,Resolved,Fixed
ACCUMULO-299,Bug,Resolved,Fixed
ACCUMULO-300,Bug,Resolved,Fixed
ACCUMULO-301,Bug,Resolved,Fixed
ACCUMULO-308,Bug,Resolved,Fixed
ACCUMULO-309,Bug,Resolved,Fixed
ACCUMULO-310,Bug,Resolved,Fixed
ACCUMULO-314,Bug,Resolved,Fixed
ACCUMULO-315,Bug,Resolved,Fixed
ACCUMULO-316,Bug,Resolved,Fixed
ACCUMULO-317,Bug,Resolved,Fixed
ACCUMULO-322,Bug,Resolved,Fixed
ACCUMULO-324,Bug,Resolved,Fixed
ACCUMULO-327,Bug,Resolved,Fixed
ACCUMULO-328,Bug,Resolved,Fixed
ACCUMULO-329,Bug,Resolved,Fixed
ACCUMULO-333,Bug,Resolved,Fixed
ACCUMULO-334,Bug,Resolved,Fixed
ACCUMULO-335,Bug,Resolved,Fixed
ACCUMULO-338,Bug,Resolved,Fixed
ACCUMULO-345,Bug,Resolved,Fixed
ACCUMULO-346,Bug,Resolved,Fixed
ACCUMULO-352,Bug,Resolved,Fixed
ACCUMULO-355,Bug,Resolved,Fixed
ACCUMULO-356,Bug,Resolved,Fixed
ACCUMULO-357,Bug,Resolved,Fixed
ACCUMULO-360,Bug,Resolved,Fixed
ACCUMULO-365,Bug,Resolved,Fixed
ACCUMULO-366,Bug,Resolved,Fixed
ACCUMULO-368,Bug,Resolved,Fixed
ACCUMULO-369,Bug,Resolved,Fixed
ACCUMULO-373,Bug,Resolved,Fixed
ACCUMULO-374,Bug,Resolved,Fixed
ACCUMULO-386,Bug,Resolved,Fixed
ACCUMULO-393,Bug,Resolved,Fixed
ACCUMULO-395,Bug,Resolved,Fixed
ACCUMULO-396,Bug,Resolved,Fixed
ACCUMULO-398,Bug,Resolved,Fixed
ACCUMULO-405,Bug,Resolved,Fixed
ACCUMULO-408,Bug,Resolved,Fixed
ACCUMULO-409,Bug,Resolved,Fixed
ACCUMULO-410,Bug,Resolved,Fixed
ACCUMULO-412,Bug,Resolved,Fixed
ACCUMULO-413,Bug,Resolved,Fixed
ACCUMULO-414,Bug,Resolved,Fixed
ACCUMULO-417,Bug,Resolved,Fixed
ACCUMULO-422,Bug,Resolved,Fixed
ACCUMULO-424,Bug,Resolved,Fixed
ACCUMULO-427,Bug,Resolved,Fixed
ACCUMULO-432,Bug,Resolved,Fixed
ACCUMULO-435,Bug,Resolved,Fixed
ACCUMULO-436,Bug,Resolved,Fixed
ACCUMULO-444,Bug,Resolved,Fixed
ACCUMULO-445,Bug,Resolved,Fixed
ACCUMULO-446,Bug,Resolved,Fixed
ACCUMULO-447,Bug,Resolved,Fixed
ACCUMULO-449,Bug,Resolved,Fixed
ACCUMULO-450,Bug,Resolved,Fixed
ACCUMULO-462,Bug,Resolved,Fixed
ACCUMULO-468,Bug,Resolved,Fixed
ACCUMULO-476,Bug,Resolved,Fixed
ACCUMULO-484,Bug,Resolved,Fixed
ACCUMULO-486,Bug,Resolved,Fixed
ACCUMULO-487,Bug,Resolved,Fixed
ACCUMULO-496,Bug,Resolved,Fixed
ACCUMULO-499,Bug,Resolved,Fixed
ACCUMULO-505,Bug,Resolved,Fixed
ACCUMULO-509,Bug,Resolved,Fixed
ACCUMULO-512,Bug,Resolved,Fixed
ACCUMULO-513,Bug,Resolved,Fixed
ACCUMULO-516,Bug,Resolved,Fixed
ACCUMULO-520,Bug,Resolved,Fixed
ACCUMULO-521,Bug,Resolved,Fixed
ACCUMULO-522,Bug,Resolved,Fixed
ACCUMULO-523,Bug,Resolved,Fixed
ACCUMULO-524,Bug,Resolved,Fixed
ACCUMULO-525,Bug,Resolved,Fixed
ACCUMULO-526,Bug,Resolved,Fixed
ACCUMULO-528,Bug,Resolved,Fixed
ACCUMULO-529,Bug,Resolved,Fixed
ACCUMULO-530,Bug,Resolved,Fixed
ACCUMULO-531,Bug,Resolved,Fixed
ACCUMULO-533,Bug,Resolved,Fixed
ACCUMULO-534,Bug,Resolved,Fixed
ACCUMULO-535,Bug,Resolved,Fixed
ACCUMULO-537,Bug,Resolved,Fixed
ACCUMULO-538,Bug,Resolved,Fixed
ACCUMULO-539,Bug,Resolved,Fixed
ACCUMULO-541,Bug,Resolved,Fixed
ACCUMULO-542,Bug,Resolved,Fixed
ACCUMULO-553,Bug,Resolved,Fixed
ACCUMULO-555,Bug,Resolved,Fixed
ACCUMULO-559,Bug,Resolved,Fixed
ACCUMULO-561,Bug,Resolved,Fixed
ACCUMULO-562,Bug,Resolved,Fixed
ACCUMULO-565,Bug,Resolved,Fixed
ACCUMULO-566,Bug,Resolved,Fixed
ACCUMULO-567,Bug,Resolved,Fixed
ACCUMULO-568,Bug,Resolved,Fixed
ACCUMULO-570,Bug,Resolved,Fixed
ACCUMULO-585,Bug,Resolved,Fixed
ACCUMULO-589,Bug,Resolved,Fixed
ACCUMULO-590,Bug,Resolved,Fixed
ACCUMULO-591,Bug,Resolved,Fixed
ACCUMULO-593,Bug,Resolved,Fixed
ACCUMULO-596,Bug,Resolved,Fixed
ACCUMULO-597,Bug,Resolved,Fixed
ACCUMULO-601,Bug,Resolved,Fixed
ACCUMULO-605,Bug,Resolved,Fixed
ACCUMULO-606,Bug,Resolved,Fixed
ACCUMULO-615,Bug,Resolved,Fixed
ACCUMULO-616,Bug,Resolved,Fixed
ACCUMULO-619,Bug,Resolved,Fixed
ACCUMULO-621,Bug,Resolved,Fixed
ACCUMULO-623,Bug,Resolved,Fixed
ACCUMULO-628,Bug,Resolved,Fixed
ACCUMULO-629,Bug,Resolved,Fixed
ACCUMULO-630,Bug,Resolved,Fixed
ACCUMULO-631,Bug,Resolved,Fixed
ACCUMULO-632,Bug,Resolved,Fixed
ACCUMULO-633,Bug,Resolved,Fixed
ACCUMULO-634,Bug,Resolved,Fixed
ACCUMULO-635,Bug,Resolved,Fixed
ACCUMULO-636,Bug,Resolved,Fixed
ACCUMULO-639,Bug,Resolved,Fixed
ACCUMULO-641,Bug,Resolved,Fixed
ACCUMULO-642,Bug,Resolved,Fixed
ACCUMULO-643,Bug,Resolved,Fixed
ACCUMULO-644,Bug,Resolved,Fixed
ACCUMULO-645,Bug,Resolved,Fixed
ACCUMULO-646,Bug,Resolved,Fixed
ACCUMULO-649,Bug,Resolved,Fixed
ACCUMULO-654,Bug,Resolved,Fixed
ACCUMULO-659,Bug,Resolved,Fixed
ACCUMULO-660,Bug,Resolved,Fixed
ACCUMULO-661,Bug,Resolved,Fixed
ACCUMULO-665,Bug,Resolved,Fixed
ACCUMULO-668,Bug,Resolved,Fixed
ACCUMULO-669,Bug,Resolved,Fixed
ACCUMULO-672,Bug,Resolved,Fixed
ACCUMULO-675,Bug,Resolved,Fixed
ACCUMULO-676,Bug,Resolved,Fixed
ACCUMULO-678,Bug,Resolved,Fixed
ACCUMULO-679,Bug,Resolved,Fixed
ACCUMULO-680,Bug,Resolved,Fixed
ACCUMULO-681,Bug,Resolved,Fixed
ACCUMULO-682,Bug,Resolved,Fixed
ACCUMULO-683,Bug,Resolved,Fixed
ACCUMULO-684,Bug,Resolved,Fixed
ACCUMULO-685,Bug,Resolved,Fixed
ACCUMULO-686,Bug,Resolved,Fixed
ACCUMULO-687,Bug,Resolved,Fixed
ACCUMULO-688,Bug,Resolved,Fixed
ACCUMULO-689,Bug,Resolved,Fixed
ACCUMULO-691,Bug,Resolved,Fixed
ACCUMULO-701,Bug,Resolved,Fixed
ACCUMULO-702,Bug,Resolved,Fixed
ACCUMULO-709,Bug,Resolved,Fixed
ACCUMULO-727,Bug,Resolved,Fixed
ACCUMULO-728,Bug,Resolved,Fixed
ACCUMULO-733,Bug,Resolved,Fixed
ACCUMULO-737,Bug,Resolved,Fixed
ACCUMULO-738,Bug,Resolved,Fixed
ACCUMULO-740,Bug,Resolved,Fixed
ACCUMULO-754,Bug,Resolved,Fixed
ACCUMULO-757,Bug,Resolved,Fixed
ACCUMULO-758,Bug,Resolved,Fixed
ACCUMULO-764,Bug,Resolved,Fixed
ACCUMULO-766,Bug,Resolved,Fixed
ACCUMULO-768,Bug,Resolved,Fixed
ACCUMULO-769,Bug,Resolved,Fixed
ACCUMULO-770,Bug,Resolved,Fixed
ACCUMULO-772,Bug,Resolved,Fixed
ACCUMULO-774,Bug,Resolved,Fixed
ACCUMULO-776,Bug,Resolved,Fixed
ACCUMULO-777,Bug,Resolved,Fixed
ACCUMULO-778,Bug,Resolved,Fixed
ACCUMULO-779,Bug,Resolved,Fixed
ACCUMULO-781,Bug,Resolved,Fixed
ACCUMULO-782,Bug,Resolved,Fixed
ACCUMULO-784,Bug,Resolved,Fixed
ACCUMULO-785,Bug,Resolved,Fixed
ACCUMULO-787,Bug,Resolved,Fixed
ACCUMULO-788,Bug,Resolved,Fixed
ACCUMULO-789,Bug,Resolved,Fixed
ACCUMULO-794,Bug,Resolved,Fixed
ACCUMULO-795,Bug,Resolved,Fixed
ACCUMULO-797,Bug,Resolved,Fixed
ACCUMULO-798,Bug,Resolved,Fixed
ACCUMULO-800,Bug,Resolved,Fixed
ACCUMULO-801,Bug,Resolved,Fixed
ACCUMULO-805,Bug,Resolved,Fixed
ACCUMULO-806,Bug,Resolved,Fixed
ACCUMULO-815,Bug,Resolved,Fixed
ACCUMULO-821,Bug,Resolved,Fixed
ACCUMULO-822,Bug,Resolved,Fixed
ACCUMULO-823,Bug,Resolved,Fixed
ACCUMULO-826,Bug,Resolved,Fixed
ACCUMULO-827,Bug,Resolved,Fixed
ACCUMULO-829,Bug,Resolved,Fixed
ACCUMULO-831,Bug,Resolved,Fixed
ACCUMULO-832,Bug,Resolved,Fixed
ACCUMULO-834,Bug,Resolved,Fixed
ACCUMULO-843,Bug,Resolved,Fixed
ACCUMULO-844,Bug,Resolved,Fixed
ACCUMULO-845,Bug,Resolved,Fixed
ACCUMULO-846,Bug,Resolved,Fixed
ACCUMULO-847,Bug,Resolved,Fixed
ACCUMULO-848,Bug,Resolved,Fixed
ACCUMULO-852,Bug,Resolved,Fixed
ACCUMULO-854,Bug,Resolved,Fixed
ACCUMULO-856,Bug,Resolved,Fixed
ACCUMULO-857,Bug,Resolved,Fixed
ACCUMULO-858,Bug,Resolved,Fixed
ACCUMULO-859,Bug,Resolved,Fixed
ACCUMULO-860,Bug,Resolved,Fixed
ACCUMULO-861,Bug,Resolved,Fixed
ACCUMULO-872,Bug,Resolved,Fixed
ACCUMULO-873,Bug,Resolved,Fixed
ACCUMULO-876,Bug,Resolved,Fixed
ACCUMULO-881,Bug,Resolved,Fixed
ACCUMULO-888,Bug,Resolved,Fixed
ACCUMULO-889,Bug,Resolved,Fixed
ACCUMULO-892,Bug,Resolved,Fixed
ACCUMULO-897,Bug,Resolved,Fixed
ACCUMULO-903,Bug,Resolved,Fixed
ACCUMULO-906,Bug,Resolved,Fixed
ACCUMULO-907,Bug,Resolved,Fixed
ACCUMULO-908,Bug,Resolved,Fixed
ACCUMULO-912,Bug,Resolved,Fixed
ACCUMULO-914,Bug,Resolved,Fixed
ACCUMULO-915,Bug,Resolved,Fixed
ACCUMULO-919,Bug,Resolved,Fixed
ACCUMULO-921,Bug,Resolved,Fixed
ACCUMULO-926,Bug,Resolved,Fixed
ACCUMULO-928,Bug,Resolved,Fixed
ACCUMULO-929,Bug,Resolved,Fixed
ACCUMULO-940,Bug,Resolved,Fixed
ACCUMULO-944,Bug,Resolved,Fixed
ACCUMULO-945,Bug,Resolved,Fixed
ACCUMULO-950,Bug,Resolved,Fixed
ACCUMULO-954,Bug,Resolved,Fixed
ACCUMULO-965,Bug,Resolved,Fixed
ACCUMULO-968,Bug,Resolved,Fixed
ACCUMULO-974,Bug,Resolved,Fixed
ACCUMULO-976,Bug,Resolved,Fixed
ACCUMULO-977,Bug,Resolved,Fixed
ACCUMULO-982,Bug,Resolved,Fixed
ACCUMULO-986,Bug,Resolved,Fixed
ACCUMULO-994,Bug,Resolved,Fixed
ACCUMULO-995,Bug,Resolved,Fixed
ACCUMULO-1005,Bug,Resolved,Fixed
ACCUMULO-1010,Bug,Resolved,Fixed
ACCUMULO-1018,Bug,Resolved,Fixed
ACCUMULO-1023,Bug,Resolved,Fixed
ACCUMULO-1032,Bug,Resolved,Fixed
ACCUMULO-1033,Bug,Resolved,Fixed
ACCUMULO-1034,Bug,Resolved,Fixed
ACCUMULO-1035,Bug,Resolved,Fixed
ACCUMULO-1036,Bug,Resolved,Fixed
ACCUMULO-1037,Bug,Resolved,Fixed
ACCUMULO-1038,Bug,Resolved,Fixed
ACCUMULO-1039,Bug,Resolved,Fixed
ACCUMULO-1040,Bug,Resolved,Fixed
ACCUMULO-1042,Bug,Resolved,Fixed
ACCUMULO-1044,Bug,Resolved,Fixed
ACCUMULO-1046,Bug,Resolved,Fixed
ACCUMULO-1048,Bug,Resolved,Fixed
ACCUMULO-1051,Bug,Resolved,Fixed
ACCUMULO-1053,Bug,Resolved,Fixed
ACCUMULO-1054,Bug,Resolved,Fixed
ACCUMULO-1056,Bug,Resolved,Fixed
ACCUMULO-1057,Bug,Resolved,Fixed
ACCUMULO-1059,Bug,Resolved,Fixed
ACCUMULO-1060,Bug,Resolved,Fixed
ACCUMULO-1062,Bug,Resolved,Fixed
ACCUMULO-1063,Bug,Resolved,Fixed
ACCUMULO-1064,Bug,Resolved,Fixed
ACCUMULO-1071,Bug,Resolved,Fixed
ACCUMULO-1072,Bug,Resolved,Fixed
ACCUMULO-1077,Bug,Resolved,Fixed
ACCUMULO-1081,Bug,Resolved,Fixed
ACCUMULO-1086,Bug,Resolved,Fixed
ACCUMULO-1088,Bug,Resolved,Fixed
ACCUMULO-1104,Bug,Resolved,Fixed
ACCUMULO-1105,Bug,Resolved,Fixed
ACCUMULO-1107,Bug,Resolved,Fixed
ACCUMULO-1110,Bug,Resolved,Fixed
ACCUMULO-1111,Bug,Resolved,Fixed
ACCUMULO-1112,Bug,Resolved,Fixed
ACCUMULO-1114,Bug,Resolved,Fixed
ACCUMULO-1115,Bug,Resolved,Fixed
ACCUMULO-1117,Bug,Resolved,Fixed
ACCUMULO-1118,Bug,Resolved,Fixed
ACCUMULO-1120,Bug,Resolved,Fixed
ACCUMULO-1123,Bug,Resolved,Fixed
ACCUMULO-1125,Bug,Resolved,Fixed
ACCUMULO-1126,Bug,Resolved,Fixed
ACCUMULO-1137,Bug,Resolved,Fixed
ACCUMULO-1138,Bug,Resolved,Fixed
ACCUMULO-1140,Bug,Resolved,Fixed
ACCUMULO-1141,Bug,Resolved,Fixed
ACCUMULO-1143,Bug,Resolved,Fixed
ACCUMULO-1144,Bug,Resolved,Fixed
ACCUMULO-1147,Bug,Resolved,Fixed
ACCUMULO-1148,Bug,Resolved,Fixed
ACCUMULO-1149,Bug,Resolved,Fixed
ACCUMULO-1151,Bug,Resolved,Fixed
ACCUMULO-1153,Bug,Resolved,Fixed
ACCUMULO-1154,Bug,Resolved,Fixed
ACCUMULO-1161,Bug,Resolved,Fixed
ACCUMULO-1162,Bug,Resolved,Fixed
ACCUMULO-1163,Bug,Resolved,Fixed
ACCUMULO-1164,Bug,Resolved,Fixed
ACCUMULO-1171,Bug,Resolved,Fixed
ACCUMULO-1172,Bug,Resolved,Fixed
ACCUMULO-1173,Bug,Resolved,Fixed
ACCUMULO-1178,Bug,Resolved,Fixed
ACCUMULO-1180,Bug,Resolved,Fixed
ACCUMULO-1183,Bug,Resolved,Fixed
ACCUMULO-1184,Bug,Resolved,Fixed
ACCUMULO-1189,Bug,Resolved,Fixed
ACCUMULO-1190,Bug,Resolved,Fixed
ACCUMULO-1191,Bug,Resolved,Fixed
ACCUMULO-1192,Bug,Resolved,Fixed
ACCUMULO-1193,Bug,Resolved,Fixed
ACCUMULO-1199,Bug,Resolved,Fixed
ACCUMULO-1204,Bug,Resolved,Fixed
ACCUMULO-1205,Bug,Resolved,Fixed
ACCUMULO-1206,Bug,Resolved,Fixed
ACCUMULO-1210,Bug,Resolved,Fixed
ACCUMULO-1211,Bug,Resolved,Fixed
ACCUMULO-1213,Bug,Resolved,Fixed
ACCUMULO-1214,Bug,Resolved,Fixed
ACCUMULO-1227,Bug,Resolved,Fixed
ACCUMULO-1231,Bug,Resolved,Fixed
ACCUMULO-1233,Bug,Resolved,Fixed
ACCUMULO-1234,Bug,Resolved,Fixed
ACCUMULO-1235,Bug,Resolved,Fixed
ACCUMULO-1238,Bug,Resolved,Fixed
ACCUMULO-1239,Bug,Resolved,Fixed
ACCUMULO-1243,Bug,Resolved,Fixed
ACCUMULO-1244,Bug,Resolved,Fixed
ACCUMULO-1246,Bug,Resolved,Fixed
ACCUMULO-1250,Bug,Resolved,Fixed
ACCUMULO-1251,Bug,Resolved,Fixed
ACCUMULO-1252,Bug,Resolved,Fixed
ACCUMULO-1253,Bug,Resolved,Fixed
ACCUMULO-1257,Bug,Resolved,Fixed
ACCUMULO-1259,Bug,Resolved,Fixed
ACCUMULO-1261,Bug,Resolved,Fixed
ACCUMULO-1264,Bug,Resolved,Fixed
ACCUMULO-1265,Bug,Resolved,Fixed
ACCUMULO-1267,Bug,Resolved,Fixed
ACCUMULO-1276,Bug,Resolved,Fixed
ACCUMULO-1277,Bug,Resolved,Fixed
ACCUMULO-1282,Bug,Resolved,Fixed
ACCUMULO-1283,Bug,Resolved,Fixed
ACCUMULO-1284,Bug,Resolved,Fixed
ACCUMULO-1285,Bug,Resolved,Fixed
ACCUMULO-1287,Bug,Resolved,Fixed
ACCUMULO-1292,Bug,Resolved,Fixed
ACCUMULO-1312,Bug,Resolved,Fixed
ACCUMULO-1317,Bug,Resolved,Fixed
ACCUMULO-1323,Bug,Resolved,Fixed
ACCUMULO-1326,Bug,Resolved,Fixed
ACCUMULO-1328,Bug,Resolved,Fixed
ACCUMULO-1330,Bug,Resolved,Fixed
ACCUMULO-1331,Bug,Resolved,Fixed
ACCUMULO-1332,Bug,Resolved,Fixed
ACCUMULO-1333,Bug,Resolved,Fixed
ACCUMULO-1343,Bug,Resolved,Fixed
ACCUMULO-1345,Bug,Resolved,Fixed
ACCUMULO-1348,Bug,Resolved,Fixed
ACCUMULO-1356,Bug,Resolved,Fixed
ACCUMULO-1358,Bug,Resolved,Fixed
ACCUMULO-1362,Bug,Resolved,Fixed
ACCUMULO-1365,Bug,Resolved,Fixed
ACCUMULO-1379,Bug,Resolved,Fixed
ACCUMULO-1382,Bug,Resolved,Fixed
ACCUMULO-1384,Bug,Resolved,Fixed
ACCUMULO-1389,Bug,Resolved,Fixed
ACCUMULO-1392,Bug,Resolved,Fixed
ACCUMULO-1401,Bug,Resolved,Fixed
ACCUMULO-1404,Bug,Resolved,Fixed
ACCUMULO-1407,Bug,Resolved,Fixed
ACCUMULO-1410,Bug,Resolved,Fixed
ACCUMULO-1411,Bug,Resolved,Fixed
ACCUMULO-1413,Bug,Resolved,Fixed
ACCUMULO-1415,Bug,Resolved,Fixed
ACCUMULO-1418,Bug,Resolved,Fixed
ACCUMULO-1421,Bug,Resolved,Fixed
ACCUMULO-1423,Bug,Resolved,Fixed
ACCUMULO-1424,Bug,Resolved,Fixed
ACCUMULO-1428,Bug,Resolved,Fixed
ACCUMULO-1429,Bug,Resolved,Fixed
ACCUMULO-1430,Bug,Resolved,Fixed
ACCUMULO-1434,Bug,Resolved,Fixed
ACCUMULO-1435,Bug,Resolved,Fixed
ACCUMULO-1436,Bug,Resolved,Fixed
ACCUMULO-1440,Bug,Resolved,Fixed
ACCUMULO-1441,Bug,Resolved,Fixed
ACCUMULO-1443,Bug,Resolved,Fixed
ACCUMULO-1456,Bug,Resolved,Fixed
ACCUMULO-1464,Bug,Resolved,Fixed
ACCUMULO-1465,Bug,Resolved,Fixed
ACCUMULO-1470,Bug,Resolved,Fixed
ACCUMULO-1471,Bug,Resolved,Fixed
ACCUMULO-1472,Bug,Resolved,Fixed
ACCUMULO-1473,Bug,Resolved,Fixed
ACCUMULO-1474,Bug,Resolved,Fixed
ACCUMULO-1477,Bug,Resolved,Fixed
ACCUMULO-1489,Bug,Resolved,Fixed
ACCUMULO-1492,Bug,Resolved,Fixed
ACCUMULO-1500,Bug,Resolved,Fixed
ACCUMULO-1505,Bug,Resolved,Fixed
ACCUMULO-1513,Bug,Resolved,Fixed
ACCUMULO-1514,Bug,Resolved,Fixed
ACCUMULO-1518,Bug,Resolved,Fixed
ACCUMULO-1519,Bug,Resolved,Fixed
ACCUMULO-1520,Bug,Resolved,Fixed
ACCUMULO-1523,Bug,Resolved,Fixed
ACCUMULO-1529,Bug,Resolved,Fixed
ACCUMULO-1532,Bug,Resolved,Fixed
ACCUMULO-1536,Bug,Resolved,Fixed
ACCUMULO-1538,Bug,Resolved,Fixed
ACCUMULO-1544,Bug,Resolved,Fixed
ACCUMULO-1552,Bug,Resolved,Fixed
ACCUMULO-1556,Bug,Resolved,Fixed
ACCUMULO-1558,Bug,Resolved,Fixed
ACCUMULO-1560,Bug,Resolved,Fixed
ACCUMULO-1563,Bug,Resolved,Fixed
ACCUMULO-1565,Bug,Resolved,Fixed
ACCUMULO-1567,Bug,Resolved,Fixed
ACCUMULO-1571,Bug,Resolved,Fixed
ACCUMULO-1572,Bug,Resolved,Fixed
ACCUMULO-1573,Bug,Resolved,Fixed
ACCUMULO-1574,Bug,Resolved,Fixed
ACCUMULO-1575,Bug,Resolved,Fixed
ACCUMULO-1577,Bug,Resolved,Fixed
ACCUMULO-1584,Bug,Resolved,Fixed
ACCUMULO-1586,Bug,Resolved,Fixed
ACCUMULO-1587,Bug,Resolved,Fixed
ACCUMULO-1589,Bug,Resolved,Fixed
ACCUMULO-1591,Bug,Resolved,Fixed
ACCUMULO-1593,Bug,Resolved,Fixed
ACCUMULO-1595,Bug,Resolved,Fixed
ACCUMULO-1596,Bug,Resolved,Fixed
ACCUMULO-1600,Bug,Resolved,Fixed
ACCUMULO-1604,Bug,Resolved,Fixed
ACCUMULO-1605,Bug,Resolved,Fixed
ACCUMULO-1615,Bug,Resolved,Fixed
ACCUMULO-1616,Bug,Resolved,Fixed
ACCUMULO-1618,Bug,Resolved,Fixed
ACCUMULO-1626,Bug,Resolved,Fixed
ACCUMULO-1628,Bug,Resolved,Fixed
ACCUMULO-1629,Bug,Resolved,Fixed
ACCUMULO-1630,Bug,Resolved,Fixed
ACCUMULO-1631,Bug,Resolved,Fixed
ACCUMULO-1637,Bug,Resolved,Fixed
ACCUMULO-1646,Bug,Resolved,Fixed
ACCUMULO-1650,Bug,Resolved,Fixed
ACCUMULO-1651,Bug,Resolved,Fixed
ACCUMULO-1661,Bug,Resolved,Fixed
ACCUMULO-1662,Bug,Resolved,Fixed
ACCUMULO-1668,Bug,Resolved,Fixed
ACCUMULO-1672,Bug,Resolved,Fixed
ACCUMULO-1673,Bug,Resolved,Fixed
ACCUMULO-1681,Bug,Resolved,Fixed
ACCUMULO-1683,Bug,Resolved,Fixed
ACCUMULO-1685,Bug,Resolved,Fixed
ACCUMULO-1687,Bug,Resolved,Fixed
ACCUMULO-1694,Bug,Resolved,Fixed
ACCUMULO-1696,Bug,Resolved,Fixed
ACCUMULO-1698,Bug,Resolved,Fixed
ACCUMULO-1700,Bug,Resolved,Fixed
ACCUMULO-1714,Bug,Resolved,Fixed
ACCUMULO-1724,Bug,Resolved,Fixed
ACCUMULO-1730,Bug,Resolved,Fixed
ACCUMULO-1732,Bug,Resolved,Fixed
ACCUMULO-1734,Bug,Resolved,Fixed
ACCUMULO-1735,Bug,Resolved,Fixed
ACCUMULO-1740,Bug,Resolved,Fixed
ACCUMULO-1743,Bug,Resolved,Fixed
ACCUMULO-1752,Bug,Resolved,Fixed
ACCUMULO-1774,Bug,Resolved,Fixed
ACCUMULO-1775,Bug,Resolved,Fixed
ACCUMULO-1776,Bug,Resolved,Fixed
ACCUMULO-1781,Bug,Resolved,Fixed
ACCUMULO-1784,Bug,Resolved,Fixed
ACCUMULO-1786,Bug,Resolved,Fixed
ACCUMULO-1788,Bug,Resolved,Fixed
ACCUMULO-1791,Bug,Resolved,Fixed
ACCUMULO-1800,Bug,Resolved,Fixed
ACCUMULO-1803,Bug,Resolved,Fixed
ACCUMULO-1809,Bug,Resolved,Fixed
ACCUMULO-1811,Bug,Resolved,Fixed
ACCUMULO-1812,Bug,Resolved,Fixed
ACCUMULO-1813,Bug,Resolved,Fixed
ACCUMULO-1814,Bug,Resolved,Fixed
ACCUMULO-1819,Bug,Resolved,Fixed
ACCUMULO-1821,Bug,Resolved,Fixed
ACCUMULO-1823,Bug,Resolved,Fixed
ACCUMULO-1830,Bug,Resolved,Fixed
ACCUMULO-1837,Bug,Resolved,Fixed
ACCUMULO-1839,Bug,Resolved,Fixed
ACCUMULO-1841,Bug,Resolved,Fixed
ACCUMULO-1842,Bug,Resolved,Fixed
ACCUMULO-1843,Bug,Resolved,Fixed
ACCUMULO-1846,Bug,Resolved,Fixed
ACCUMULO-1848,Bug,Resolved,Fixed
ACCUMULO-1852,Bug,Resolved,Fixed
ACCUMULO-1854,Bug,Resolved,Fixed
ACCUMULO-1858,Bug,Resolved,Fixed
ACCUMULO-1859,Bug,Resolved,Fixed
ACCUMULO-1860,Bug,Resolved,Fixed
ACCUMULO-1862,Bug,Resolved,Fixed
ACCUMULO-1866,Bug,Resolved,Fixed
ACCUMULO-1867,Bug,Resolved,Fixed
ACCUMULO-1868,Bug,Resolved,Fixed
ACCUMULO-1870,Bug,Resolved,Fixed
ACCUMULO-1873,Bug,Resolved,Fixed
ACCUMULO-1874,Bug,Resolved,Fixed
ACCUMULO-1876,Bug,Resolved,Fixed
ACCUMULO-1878,Bug,Resolved,Fixed
ACCUMULO-1881,Bug,Resolved,Fixed
ACCUMULO-1884,Bug,Resolved,Fixed
ACCUMULO-1889,Bug,Resolved,Fixed
ACCUMULO-1891,Bug,Resolved,Fixed
ACCUMULO-1892,Bug,Resolved,Fixed
ACCUMULO-1893,Bug,Resolved,Fixed
ACCUMULO-1896,Bug,Resolved,Fixed
ACCUMULO-1897,Bug,Resolved,Fixed
ACCUMULO-1899,Bug,Resolved,Fixed
ACCUMULO-1900,Bug,Resolved,Fixed
ACCUMULO-1901,Bug,Resolved,Fixed
ACCUMULO-1903,Bug,Resolved,Fixed
ACCUMULO-1905,Bug,Resolved,Fixed
ACCUMULO-1908,Bug,Resolved,Fixed
ACCUMULO-1911,Bug,Resolved,Fixed
ACCUMULO-1914,Bug,Resolved,Fixed
ACCUMULO-1917,Bug,Resolved,Fixed
ACCUMULO-1920,Bug,Resolved,Fixed
ACCUMULO-1921,Bug,Resolved,Fixed
ACCUMULO-1922,Bug,Resolved,Fixed
ACCUMULO-1925,Bug,Resolved,Fixed
ACCUMULO-1930,Bug,Resolved,Fixed
ACCUMULO-1934,Bug,Resolved,Fixed
ACCUMULO-1935,Bug,Resolved,Fixed
ACCUMULO-1936,Bug,Resolved,Fixed
ACCUMULO-1937,Bug,Resolved,Fixed
ACCUMULO-1939,Bug,Resolved,Fixed
ACCUMULO-1940,Bug,Resolved,Fixed
ACCUMULO-1941,Bug,Resolved,Fixed
ACCUMULO-1942,Bug,Resolved,Fixed
ACCUMULO-1943,Bug,Resolved,Fixed
ACCUMULO-1944,Bug,Resolved,Fixed
ACCUMULO-1947,Bug,Resolved,Fixed
ACCUMULO-1948,Bug,Resolved,Fixed
ACCUMULO-1951,Bug,Resolved,Fixed
ACCUMULO-1952,Bug,Resolved,Fixed
ACCUMULO-1953,Bug,Resolved,Fixed
ACCUMULO-1958,Bug,Resolved,Fixed
ACCUMULO-1959,Bug,Resolved,Fixed
ACCUMULO-1965,Bug,Resolved,Fixed
ACCUMULO-1967,Bug,Resolved,Fixed
ACCUMULO-1968,Bug,Resolved,Fixed
ACCUMULO-1970,Bug,Resolved,Fixed
ACCUMULO-1972,Bug,Resolved,Fixed
ACCUMULO-1976,Bug,Resolved,Fixed
ACCUMULO-1978,Bug,Resolved,Fixed
ACCUMULO-1980,Bug,Resolved,Fixed
ACCUMULO-1983,Bug,Resolved,Fixed
ACCUMULO-1985,Bug,Resolved,Fixed
ACCUMULO-1986,Bug,Resolved,Fixed
ACCUMULO-1987,Bug,Resolved,Fixed
ACCUMULO-1989,Bug,Resolved,Fixed
ACCUMULO-1990,Bug,Resolved,Fixed
ACCUMULO-1993,Bug,Resolved,Fixed
ACCUMULO-1994,Bug,Resolved,Fixed
ACCUMULO-1997,Bug,Resolved,Fixed
ACCUMULO-1998,Bug,Resolved,Fixed
ACCUMULO-1999,Bug,Resolved,Fixed
ACCUMULO-2009,Bug,Resolved,Fixed
ACCUMULO-2012,Bug,Resolved,Fixed
ACCUMULO-2013,Bug,Resolved,Fixed
ACCUMULO-2022,Bug,Resolved,Fixed
ACCUMULO-2024,Bug,Resolved,Fixed
ACCUMULO-2025,Bug,Resolved,Fixed
ACCUMULO-2028,Bug,Resolved,Fixed
ACCUMULO-2029,Bug,Resolved,Fixed
ACCUMULO-2032,Bug,Resolved,Fixed
ACCUMULO-2035,Bug,Resolved,Fixed
ACCUMULO-2036,Bug,Resolved,Fixed
ACCUMULO-2037,Bug,Resolved,Fixed
ACCUMULO-2041,Bug,Resolved,Fixed
ACCUMULO-2042,Bug,Resolved,Fixed
ACCUMULO-2047,Bug,Resolved,Fixed
ACCUMULO-2054,Bug,Resolved,Fixed
ACCUMULO-2056,Bug,Resolved,Fixed
ACCUMULO-2057,Bug,Resolved,Fixed
ACCUMULO-2058,Bug,Resolved,Fixed
ACCUMULO-2063,Bug,Resolved,Fixed
ACCUMULO-2065,Bug,Resolved,Fixed
ACCUMULO-2067,Bug,Resolved,Fixed
ACCUMULO-2068,Bug,Resolved,Fixed
ACCUMULO-2073,Bug,Resolved,Fixed
ACCUMULO-2074,Bug,Resolved,Fixed
ACCUMULO-2075,Bug,Resolved,Fixed
ACCUMULO-2078,Bug,Resolved,Fixed
ACCUMULO-2082,Bug,Resolved,Fixed
ACCUMULO-2083,Bug,Resolved,Fixed
ACCUMULO-2085,Bug,Resolved,Fixed
ACCUMULO-2086,Bug,Resolved,Fixed
ACCUMULO-2087,Bug,Resolved,Fixed
ACCUMULO-2088,Bug,Resolved,Fixed
ACCUMULO-2090,Bug,Resolved,Fixed
ACCUMULO-2091,Bug,Resolved,Fixed
ACCUMULO-2092,Bug,Resolved,Fixed
ACCUMULO-2093,Bug,Resolved,Fixed
ACCUMULO-2096,Bug,Resolved,Fixed
ACCUMULO-2101,Bug,Resolved,Fixed
ACCUMULO-2102,Bug,Resolved,Fixed
ACCUMULO-2104,Bug,Resolved,Fixed
ACCUMULO-2105,Bug,Resolved,Fixed
ACCUMULO-2106,Bug,Resolved,Fixed
ACCUMULO-2109,Bug,Resolved,Fixed
ACCUMULO-2110,Bug,Resolved,Fixed
ACCUMULO-2112,Bug,Resolved,Fixed
ACCUMULO-2116,Bug,Resolved,Fixed
ACCUMULO-2117,Bug,Resolved,Fixed
ACCUMULO-2121,Bug,Resolved,Fixed
ACCUMULO-2124,Bug,Resolved,Fixed
ACCUMULO-2125,Bug,Resolved,Fixed
ACCUMULO-2127,Bug,Resolved,Fixed
ACCUMULO-2128,Bug,Resolved,Fixed
ACCUMULO-2131,Bug,Resolved,Fixed
ACCUMULO-2134,Bug,Resolved,Fixed
ACCUMULO-2141,Bug,Resolved,Fixed
ACCUMULO-2142,Bug,Resolved,Fixed
ACCUMULO-2146,Bug,Resolved,Fixed
ACCUMULO-2152,Bug,Resolved,Fixed
ACCUMULO-2154,Bug,Resolved,Fixed
ACCUMULO-2161,Bug,Resolved,Fixed
ACCUMULO-2162,Bug,Resolved,Fixed
ACCUMULO-2165,Bug,Resolved,Fixed
ACCUMULO-2167,Bug,Resolved,Fixed
ACCUMULO-2168,Bug,Resolved,Fixed
ACCUMULO-2172,Bug,Resolved,Fixed
ACCUMULO-2173,Bug,Resolved,Fixed
ACCUMULO-2174,Bug,Resolved,Fixed
ACCUMULO-2176,Bug,Resolved,Fixed
ACCUMULO-2179,Bug,Resolved,Fixed
ACCUMULO-2182,Bug,Resolved,Fixed
ACCUMULO-2183,Bug,Resolved,Fixed
ACCUMULO-2184,Bug,Resolved,Fixed
ACCUMULO-2187,Bug,Resolved,Fixed
ACCUMULO-2188,Bug,Resolved,Fixed
ACCUMULO-2192,Bug,Resolved,Fixed
ACCUMULO-2194,Bug,Resolved,Fixed
ACCUMULO-2196,Bug,Resolved,Fixed
ACCUMULO-2197,Bug,Resolved,Fixed
ACCUMULO-2198,Bug,Resolved,Fixed
ACCUMULO-2201,Bug,Resolved,Fixed
ACCUMULO-2202,Bug,Resolved,Fixed
ACCUMULO-2206,Bug,Resolved,Fixed
ACCUMULO-2208,Bug,Resolved,Fixed
ACCUMULO-2209,Bug,Resolved,Fixed
ACCUMULO-2210,Bug,Resolved,Fixed
ACCUMULO-2211,Bug,Resolved,Fixed
ACCUMULO-2213,Bug,Resolved,Fixed
ACCUMULO-2220,Bug,Resolved,Fixed
ACCUMULO-2221,Bug,Resolved,Fixed
ACCUMULO-2224,Bug,Resolved,Fixed
ACCUMULO-2225,Bug,Resolved,Fixed
ACCUMULO-2226,Bug,Resolved,Fixed
ACCUMULO-2230,Bug,Resolved,Fixed
ACCUMULO-2232,Bug,Resolved,Fixed
ACCUMULO-2233,Bug,Resolved,Fixed
ACCUMULO-2234,Bug,Resolved,Fixed
ACCUMULO-2235,Bug,Resolved,Fixed
ACCUMULO-2237,Bug,Resolved,Fixed
ACCUMULO-2245,Bug,Resolved,Fixed
ACCUMULO-2246,Bug,Resolved,Fixed
ACCUMULO-2250,Bug,Resolved,Fixed
ACCUMULO-2252,Bug,Resolved,Fixed
ACCUMULO-2260,Bug,Resolved,Fixed
ACCUMULO-2261,Bug,Resolved,Fixed
ACCUMULO-2264,Bug,Resolved,Fixed
ACCUMULO-2265,Bug,Resolved,Fixed
ACCUMULO-2266,Bug,Resolved,Fixed
ACCUMULO-2270,Bug,Resolved,Fixed
ACCUMULO-2275,Bug,Resolved,Fixed
ACCUMULO-2276,Bug,Resolved,Fixed
ACCUMULO-2278,Bug,Resolved,Fixed
ACCUMULO-2281,Bug,Resolved,Fixed
ACCUMULO-2282,Bug,Resolved,Fixed
ACCUMULO-2285,Bug,Resolved,Fixed
ACCUMULO-2289,Bug,Resolved,Fixed
ACCUMULO-2293,Bug,Resolved,Fixed
ACCUMULO-2295,Bug,Resolved,Fixed
ACCUMULO-2297,Bug,Resolved,Fixed
ACCUMULO-2298,Bug,Resolved,Fixed
ACCUMULO-2301,Bug,Resolved,Fixed
ACCUMULO-2306,Bug,Resolved,Fixed
ACCUMULO-2312,Bug,Resolved,Fixed
ACCUMULO-2316,Bug,Resolved,Fixed
ACCUMULO-2318,Bug,Resolved,Fixed
ACCUMULO-2319,Bug,Resolved,Fixed
ACCUMULO-2322,Bug,Resolved,Fixed
ACCUMULO-2324,Bug,Resolved,Fixed
ACCUMULO-2329,Bug,Resolved,Fixed
ACCUMULO-2331,Bug,Resolved,Fixed
ACCUMULO-2332,Bug,Resolved,Fixed
ACCUMULO-2334,Bug,Resolved,Fixed
ACCUMULO-2344,Bug,Resolved,Fixed
ACCUMULO-2346,Bug,Resolved,Fixed
ACCUMULO-2354,Bug,Resolved,Fixed
ACCUMULO-2360,Bug,Resolved,Fixed
ACCUMULO-2361,Bug,Resolved,Fixed
ACCUMULO-2369,Bug,Resolved,Fixed
ACCUMULO-2370,Bug,Resolved,Fixed
ACCUMULO-2371,Bug,Resolved,Fixed
ACCUMULO-2381,Bug,Resolved,Fixed
ACCUMULO-2382,Bug,Resolved,Fixed
ACCUMULO-2385,Bug,Resolved,Fixed
ACCUMULO-2387,Bug,Resolved,Fixed
ACCUMULO-2388,Bug,Resolved,Fixed
ACCUMULO-2390,Bug,Resolved,Fixed
ACCUMULO-2391,Bug,Resolved,Fixed
ACCUMULO-2393,Bug,Resolved,Fixed
ACCUMULO-2397,Bug,Resolved,Fixed
ACCUMULO-2398,Bug,Resolved,Fixed
ACCUMULO-2399,Bug,Resolved,Fixed
ACCUMULO-2400,Bug,Resolved,Fixed
ACCUMULO-2401,Bug,Resolved,Fixed
ACCUMULO-2404,Bug,Resolved,Fixed
ACCUMULO-2405,Bug,Resolved,Fixed
ACCUMULO-2406,Bug,Resolved,Fixed
ACCUMULO-2408,Bug,Resolved,Fixed
ACCUMULO-2410,Bug,Resolved,Fixed
ACCUMULO-2412,Bug,Resolved,Fixed
ACCUMULO-2418,Bug,Resolved,Fixed
ACCUMULO-2422,Bug,Resolved,Fixed
ACCUMULO-2425,Bug,Resolved,Fixed
ACCUMULO-2428,Bug,Resolved,Fixed
ACCUMULO-2429,Bug,Resolved,Fixed
ACCUMULO-2433,Bug,Resolved,Fixed
ACCUMULO-2437,Bug,Resolved,Fixed
ACCUMULO-2440,Bug,Resolved,Fixed
ACCUMULO-2443,Bug,Resolved,Fixed
ACCUMULO-2446,Bug,Resolved,Fixed
ACCUMULO-2447,Bug,Resolved,Fixed
ACCUMULO-2453,Bug,Resolved,Fixed
ACCUMULO-2455,Bug,Resolved,Fixed
ACCUMULO-2460,Bug,Resolved,Fixed
ACCUMULO-2473,Bug,Resolved,Fixed
ACCUMULO-2474,Bug,Resolved,Fixed
ACCUMULO-2480,Bug,Resolved,Fixed
ACCUMULO-2481,Bug,Resolved,Fixed
ACCUMULO-2484,Bug,Resolved,Fixed
ACCUMULO-2487,Bug,Resolved,Fixed
ACCUMULO-2489,Bug,Resolved,Fixed
ACCUMULO-2493,Bug,Resolved,Fixed
ACCUMULO-2494,Bug,Resolved,Fixed
ACCUMULO-2512,Bug,Resolved,Fixed
ACCUMULO-2513,Bug,Resolved,Fixed
ACCUMULO-2515,Bug,Resolved,Fixed
ACCUMULO-2519,Bug,Resolved,Fixed
ACCUMULO-2520,Bug,Resolved,Fixed
ACCUMULO-2523,Bug,Resolved,Fixed
ACCUMULO-2524,Bug,Resolved,Fixed
ACCUMULO-2526,Bug,Resolved,Fixed
ACCUMULO-2539,Bug,Resolved,Fixed
ACCUMULO-2540,Bug,Resolved,Fixed
ACCUMULO-2544,Bug,Resolved,Fixed
ACCUMULO-2549,Bug,Resolved,Fixed
ACCUMULO-2566,Bug,Resolved,Fixed
ACCUMULO-2586,Bug,Resolved,Fixed
ACCUMULO-2591,Bug,Resolved,Fixed
ACCUMULO-2617,Bug,Resolved,Fixed
ACCUMULO-2628,Bug,Resolved,Fixed
ACCUMULO-2631,Bug,Resolved,Fixed
ACCUMULO-2636,Bug,Resolved,Fixed
ACCUMULO-2641,Bug,Resolved,Fixed
ACCUMULO-2645,Bug,Resolved,Fixed
ACCUMULO-2648,Bug,Resolved,Fixed
ACCUMULO-2651,Bug,Resolved,Fixed
ACCUMULO-2658,Bug,Resolved,Fixed
ACCUMULO-2659,Bug,Resolved,Fixed
ACCUMULO-2660,Bug,Resolved,Fixed
ACCUMULO-2665,Bug,Resolved,Fixed
ACCUMULO-2667,Bug,Resolved,Fixed
ACCUMULO-2668,Bug,Resolved,Fixed
ACCUMULO-2671,Bug,Resolved,Fixed
ACCUMULO-2675,Bug,Resolved,Fixed
ACCUMULO-2682,Bug,Resolved,Fixed
ACCUMULO-2686,Bug,Resolved,Fixed
ACCUMULO-2690,Bug,Resolved,Fixed
ACCUMULO-2694,Bug,Resolved,Fixed
ACCUMULO-2695,Bug,Resolved,Fixed
ACCUMULO-2696,Bug,Resolved,Fixed
ACCUMULO-2700,Bug,Resolved,Fixed
ACCUMULO-2702,Bug,Resolved,Fixed
ACCUMULO-2704,Bug,Resolved,Fixed
ACCUMULO-2713,Bug,Resolved,Fixed
ACCUMULO-2714,Bug,Resolved,Fixed
ACCUMULO-2716,Bug,Resolved,Fixed
ACCUMULO-2717,Bug,Resolved,Fixed
ACCUMULO-2719,Bug,Resolved,Fixed
ACCUMULO-2722,Bug,Resolved,Fixed
ACCUMULO-2723,Bug,Resolved,Fixed
ACCUMULO-2724,Bug,Resolved,Fixed
ACCUMULO-2727,Bug,Resolved,Fixed
ACCUMULO-2729,Bug,Resolved,Fixed
ACCUMULO-2730,Bug,Resolved,Fixed
ACCUMULO-2733,Bug,Resolved,Fixed
ACCUMULO-2742,Bug,Resolved,Fixed
ACCUMULO-2747,Bug,Resolved,Fixed
ACCUMULO-2748,Bug,Resolved,Fixed
ACCUMULO-2749,Bug,Resolved,Fixed
ACCUMULO-2752,Bug,Resolved,Fixed
ACCUMULO-2756,Bug,Resolved,Fixed
ACCUMULO-2758,Bug,Resolved,Fixed
ACCUMULO-2761,Bug,Resolved,Fixed
ACCUMULO-2764,Bug,Resolved,Fixed
ACCUMULO-2765,Bug,Resolved,Fixed
ACCUMULO-2766,Bug,Resolved,Fixed
ACCUMULO-2767,Bug,Resolved,Fixed
ACCUMULO-2768,Bug,Resolved,Fixed
ACCUMULO-2774,Bug,Resolved,Fixed
ACCUMULO-2785,Bug,Resolved,Fixed
ACCUMULO-2786,Bug,Resolved,Fixed
ACCUMULO-2787,Bug,Resolved,Fixed
ACCUMULO-2788,Bug,Resolved,Fixed
ACCUMULO-2790,Bug,Resolved,Fixed
ACCUMULO-2791,Bug,Resolved,Fixed
ACCUMULO-2793,Bug,Resolved,Fixed
ACCUMULO-2796,Bug,Resolved,Fixed
ACCUMULO-2806,Bug,Resolved,Fixed
ACCUMULO-2811,Bug,Resolved,Fixed
ACCUMULO-2813,Bug,Resolved,Fixed
ACCUMULO-2818,Bug,Resolved,Fixed
ACCUMULO-2824,Bug,Resolved,Fixed
ACCUMULO-2830,Bug,Resolved,Fixed
ACCUMULO-2831,Bug,Resolved,Fixed
ACCUMULO-2836,Bug,Resolved,Fixed
ACCUMULO-2852,Bug,Resolved,Fixed
ACCUMULO-2853,Bug,Resolved,Fixed
ACCUMULO-2854,Bug,Resolved,Fixed
ACCUMULO-2857,Bug,Resolved,Fixed
ACCUMULO-2858,Bug,Resolved,Fixed
ACCUMULO-2862,Bug,Resolved,Fixed
ACCUMULO-2864,Bug,Resolved,Fixed
ACCUMULO-2869,Bug,Resolved,Fixed
ACCUMULO-2870,Bug,Resolved,Fixed
ACCUMULO-2871,Bug,Resolved,Fixed
ACCUMULO-2872,Bug,Resolved,Fixed
ACCUMULO-2874,Bug,Resolved,Fixed
ACCUMULO-2884,Bug,Resolved,Fixed
ACCUMULO-2888,Bug,Resolved,Fixed
ACCUMULO-2890,Bug,Resolved,Fixed
ACCUMULO-2891,Bug,Resolved,Fixed
ACCUMULO-2893,Bug,Resolved,Fixed
ACCUMULO-2896,Bug,Resolved,Fixed
ACCUMULO-2898,Bug,Resolved,Fixed
ACCUMULO-2899,Bug,Resolved,Fixed
ACCUMULO-2906,Bug,Resolved,Fixed
ACCUMULO-2908,Bug,Resolved,Fixed
ACCUMULO-2910,Bug,Resolved,Fixed
ACCUMULO-2912,Bug,Resolved,Fixed
ACCUMULO-2918,Bug,Resolved,Fixed
ACCUMULO-2919,Bug,Resolved,Fixed
ACCUMULO-2923,Bug,Resolved,Fixed
ACCUMULO-2925,Bug,Resolved,Fixed
ACCUMULO-2926,Bug,Resolved,Fixed
ACCUMULO-2928,Bug,Resolved,Fixed
ACCUMULO-2930,Bug,Resolved,Fixed
ACCUMULO-2935,Bug,Resolved,Fixed
ACCUMULO-2939,Bug,Resolved,Fixed
ACCUMULO-2940,Bug,Resolved,Fixed
ACCUMULO-2941,Bug,Resolved,Fixed
ACCUMULO-2948,Bug,Resolved,Fixed
ACCUMULO-2952,Bug,Resolved,Fixed
ACCUMULO-2956,Bug,Resolved,Fixed
ACCUMULO-2962,Bug,Resolved,Fixed
ACCUMULO-2963,Bug,Resolved,Fixed
ACCUMULO-2967,Bug,Resolved,Fixed
ACCUMULO-2970,Bug,Resolved,Fixed
ACCUMULO-2971,Bug,Resolved,Fixed
ACCUMULO-2972,Bug,Resolved,Fixed
ACCUMULO-2973,Bug,Resolved,Fixed
ACCUMULO-2974,Bug,Resolved,Fixed
ACCUMULO-2978,Bug,Resolved,Fixed
ACCUMULO-2985,Bug,Resolved,Fixed
ACCUMULO-2991,Bug,Resolved,Fixed
ACCUMULO-2993,Bug,Resolved,Fixed
ACCUMULO-2995,Bug,Resolved,Fixed
ACCUMULO-2999,Bug,Resolved,Fixed
ACCUMULO-3002,Bug,Resolved,Fixed
ACCUMULO-3003,Bug,Resolved,Fixed
ACCUMULO-3006,Bug,Resolved,Fixed
ACCUMULO-3007,Bug,Resolved,Fixed
ACCUMULO-3008,Bug,Resolved,Fixed
ACCUMULO-3009,Bug,Resolved,Fixed
ACCUMULO-3010,Bug,Resolved,Fixed
ACCUMULO-3011,Bug,Resolved,Fixed
ACCUMULO-3013,Bug,Resolved,Fixed
ACCUMULO-3015,Bug,Resolved,Fixed
ACCUMULO-3016,Bug,Resolved,Fixed
ACCUMULO-3017,Bug,Resolved,Fixed
ACCUMULO-3024,Bug,Resolved,Fixed
ACCUMULO-3025,Bug,Resolved,Fixed
ACCUMULO-3026,Bug,Resolved,Fixed
ACCUMULO-3029,Bug,Resolved,Fixed
ACCUMULO-3030,Bug,Resolved,Fixed
ACCUMULO-3031,Bug,Resolved,Fixed
ACCUMULO-3038,Bug,Resolved,Fixed
ACCUMULO-3039,Bug,Resolved,Fixed
ACCUMULO-3043,Bug,Resolved,Fixed
ACCUMULO-3046,Bug,Resolved,Fixed
ACCUMULO-3047,Bug,Resolved,Fixed
ACCUMULO-3051,Bug,Resolved,Fixed
ACCUMULO-3055,Bug,Resolved,Fixed
ACCUMULO-3061,Bug,Resolved,Fixed
ACCUMULO-3062,Bug,Resolved,Fixed
ACCUMULO-3069,Bug,Resolved,Fixed
ACCUMULO-3070,Bug,Resolved,Fixed
ACCUMULO-3074,Bug,Resolved,Fixed
ACCUMULO-3075,Bug,Resolved,Fixed
ACCUMULO-3076,Bug,Resolved,Fixed
ACCUMULO-3077,Bug,Resolved,Fixed
ACCUMULO-3078,Bug,Resolved,Fixed
ACCUMULO-3084,Bug,Resolved,Fixed
ACCUMULO-3085,Bug,Resolved,Fixed
ACCUMULO-3093,Bug,Resolved,Fixed
ACCUMULO-3096,Bug,Resolved,Fixed
ACCUMULO-3098,Bug,Resolved,Fixed
ACCUMULO-3099,Bug,Resolved,Fixed
ACCUMULO-3100,Bug,Resolved,Fixed
ACCUMULO-3101,Bug,Resolved,Fixed
ACCUMULO-3102,Bug,Resolved,Fixed
ACCUMULO-3104,Bug,Resolved,Fixed
ACCUMULO-3105,Bug,Resolved,Fixed
ACCUMULO-3108,Bug,Resolved,Fixed
ACCUMULO-3109,Bug,Resolved,Fixed
ACCUMULO-3111,Bug,Resolved,Fixed
ACCUMULO-3112,Bug,Resolved,Fixed
ACCUMULO-3113,Bug,Resolved,Fixed
ACCUMULO-3116,Bug,Resolved,Fixed
ACCUMULO-3117,Bug,Resolved,Fixed
ACCUMULO-3119,Bug,Resolved,Fixed
ACCUMULO-3120,Bug,Resolved,Fixed
ACCUMULO-3126,Bug,Resolved,Fixed
ACCUMULO-3130,Bug,Resolved,Fixed
ACCUMULO-3131,Bug,Resolved,Fixed
ACCUMULO-3132,Bug,Resolved,Fixed
ACCUMULO-3135,Bug,Resolved,Fixed
ACCUMULO-3136,Bug,Resolved,Fixed
ACCUMULO-3138,Bug,Resolved,Fixed
ACCUMULO-3139,Bug,Resolved,Fixed
ACCUMULO-3140,Bug,Resolved,Fixed
ACCUMULO-3141,Bug,Resolved,Fixed
ACCUMULO-3143,Bug,Resolved,Fixed
ACCUMULO-3144,Bug,Resolved,Fixed
ACCUMULO-3145,Bug,Resolved,Fixed
ACCUMULO-3146,Bug,Resolved,Fixed
ACCUMULO-3148,Bug,Resolved,Fixed
ACCUMULO-3149,Bug,Resolved,Fixed
ACCUMULO-3150,Bug,Resolved,Fixed
ACCUMULO-3151,Bug,Resolved,Fixed
ACCUMULO-3152,Bug,Resolved,Fixed
ACCUMULO-3153,Bug,Resolved,Fixed
ACCUMULO-3155,Bug,Resolved,Fixed
ACCUMULO-3157,Bug,Resolved,Fixed
ACCUMULO-3158,Bug,Resolved,Fixed
ACCUMULO-3164,Bug,Resolved,Fixed
ACCUMULO-3169,Bug,Resolved,Fixed
ACCUMULO-3172,Bug,Resolved,Fixed
ACCUMULO-3180,Bug,Resolved,Fixed
ACCUMULO-3181,Bug,Resolved,Fixed
ACCUMULO-3182,Bug,Resolved,Fixed
ACCUMULO-3183,Bug,Resolved,Fixed
ACCUMULO-3187,Bug,Resolved,Fixed
ACCUMULO-3189,Bug,Resolved,Fixed
ACCUMULO-3190,Bug,Resolved,Fixed
ACCUMULO-3194,Bug,Resolved,Fixed
ACCUMULO-3201,Bug,Resolved,Fixed
ACCUMULO-3213,Bug,Resolved,Fixed
ACCUMULO-3214,Bug,Resolved,Fixed
ACCUMULO-3215,Bug,Resolved,Fixed
ACCUMULO-3216,Bug,Resolved,Fixed
ACCUMULO-3217,Bug,Resolved,Fixed
ACCUMULO-3218,Bug,Resolved,Fixed
ACCUMULO-3229,Bug,Resolved,Fixed
ACCUMULO-3230,Bug,Resolved,Fixed
ACCUMULO-3242,Bug,Resolved,Fixed
ACCUMULO-3244,Bug,Resolved,Fixed
ACCUMULO-3249,Bug,Resolved,Fixed
ACCUMULO-3252,Bug,Resolved,Fixed
ACCUMULO-3255,Bug,Resolved,Fixed
ACCUMULO-3261,Bug,Resolved,Fixed
ACCUMULO-3264,Bug,Resolved,Fixed
ACCUMULO-3269,Bug,Resolved,Fixed
ACCUMULO-3280,Bug,Resolved,Fixed
ACCUMULO-3286,Bug,Resolved,Fixed
ACCUMULO-3287,Bug,Resolved,Fixed
ACCUMULO-3289,Bug,Resolved,Fixed
ACCUMULO-3290,Bug,Resolved,Fixed
ACCUMULO-3291,Bug,Resolved,Fixed
ACCUMULO-3292,Bug,Resolved,Fixed
ACCUMULO-3296,Bug,Resolved,Fixed
ACCUMULO-3297,Bug,Resolved,Fixed
ACCUMULO-3298,Bug,Resolved,Fixed
ACCUMULO-3299,Bug,Resolved,Fixed
ACCUMULO-3301,Bug,Resolved,Fixed
ACCUMULO-3305,Bug,Resolved,Fixed
ACCUMULO-3312,Bug,Resolved,Fixed
ACCUMULO-3314,Bug,Resolved,Fixed
ACCUMULO-3320,Bug,Resolved,Fixed
ACCUMULO-3322,Bug,Resolved,Fixed
ACCUMULO-3323,Bug,Resolved,Fixed
ACCUMULO-3332,Bug,Resolved,Fixed
ACCUMULO-3333,Bug,Resolved,Fixed
ACCUMULO-3334,Bug,Resolved,Fixed
ACCUMULO-3340,Bug,Resolved,Fixed
ACCUMULO-3341,Bug,Resolved,Fixed
ACCUMULO-3342,Bug,Resolved,Fixed
ACCUMULO-3349,Bug,Resolved,Fixed
ACCUMULO-3351,Bug,Resolved,Fixed
ACCUMULO-3352,Bug,Resolved,Fixed
ACCUMULO-3354,Bug,Resolved,Fixed
ACCUMULO-3355,Bug,Resolved,Fixed
ACCUMULO-3356,Bug,Resolved,Fixed
ACCUMULO-3358,Bug,Resolved,Fixed
ACCUMULO-3361,Bug,Resolved,Fixed
ACCUMULO-3362,Bug,Resolved,Fixed
ACCUMULO-3365,Bug,Resolved,Fixed
ACCUMULO-3372,Bug,Resolved,Fixed
ACCUMULO-3373,Bug,Resolved,Fixed
ACCUMULO-3377,Bug,Resolved,Fixed
ACCUMULO-3383,Bug,Resolved,Fixed
ACCUMULO-3385,Bug,Resolved,Fixed
ACCUMULO-3389,Bug,Resolved,Fixed
ACCUMULO-3392,Bug,Resolved,Fixed
ACCUMULO-3397,Bug,Resolved,Fixed
ACCUMULO-3406,Bug,Resolved,Fixed
ACCUMULO-3407,Bug,Resolved,Fixed
ACCUMULO-3408,Bug,Resolved,Fixed
ACCUMULO-3419,Bug,Resolved,Fixed
ACCUMULO-3421,Bug,Resolved,Fixed
ACCUMULO-3422,Bug,Resolved,Fixed
ACCUMULO-3424,Bug,Resolved,Fixed
ACCUMULO-3426,Bug,Resolved,Fixed
ACCUMULO-3435,Bug,Resolved,Fixed
ACCUMULO-3438,Bug,Resolved,Fixed
ACCUMULO-3441,Bug,Resolved,Fixed
ACCUMULO-3443,Bug,Resolved,Fixed
ACCUMULO-3445,Bug,Resolved,Fixed
ACCUMULO-3446,Bug,Resolved,Fixed
ACCUMULO-3448,Bug,Resolved,Fixed
ACCUMULO-3450,Bug,Resolved,Fixed
ACCUMULO-3453,Bug,Resolved,Fixed
ACCUMULO-3454,Bug,Resolved,Fixed
ACCUMULO-3460,Bug,Resolved,Fixed
ACCUMULO-3461,Bug,Resolved,Fixed
ACCUMULO-3462,Bug,Resolved,Fixed
ACCUMULO-3465,Bug,Resolved,Fixed
ACCUMULO-3467,Bug,Resolved,Fixed
ACCUMULO-3468,Bug,Resolved,Fixed
ACCUMULO-3472,Bug,Resolved,Fixed
ACCUMULO-3473,Bug,Resolved,Fixed
ACCUMULO-3474,Bug,Resolved,Fixed
ACCUMULO-3475,Bug,Resolved,Fixed
ACCUMULO-3480,Bug,Resolved,Fixed
ACCUMULO-3481,Bug,Resolved,Fixed
ACCUMULO-3484,Bug,Resolved,Fixed
ACCUMULO-3486,Bug,Resolved,Fixed
ACCUMULO-3491,Bug,Resolved,Fixed
ACCUMULO-3496,Bug,Resolved,Fixed
ACCUMULO-3500,Bug,Resolved,Fixed
ACCUMULO-3502,Bug,Resolved,Fixed
ACCUMULO-3503,Bug,Resolved,Fixed
ACCUMULO-3504,Bug,Resolved,Fixed
ACCUMULO-3507,Bug,Resolved,Fixed
ACCUMULO-3509,Bug,Resolved,Fixed
ACCUMULO-3512,Bug,Resolved,Fixed
ACCUMULO-3513,Bug,Resolved,Fixed
ACCUMULO-3517,Bug,Resolved,Fixed
ACCUMULO-3529,Bug,Resolved,Fixed
ACCUMULO-3532,Bug,Resolved,Fixed
ACCUMULO-3533,Bug,Resolved,Fixed
ACCUMULO-3534,Bug,Resolved,Fixed
ACCUMULO-3541,Bug,Resolved,Fixed
ACCUMULO-3542,Bug,Resolved,Fixed
ACCUMULO-3544,Bug,Resolved,Fixed
ACCUMULO-3547,Bug,Resolved,Fixed
ACCUMULO-3549,Bug,Resolved,Fixed
ACCUMULO-3551,Bug,Resolved,Fixed
ACCUMULO-3553,Bug,Resolved,Fixed
ACCUMULO-3568,Bug,Resolved,Fixed
ACCUMULO-3569,Bug,Resolved,Fixed
ACCUMULO-3572,Bug,Resolved,Fixed
ACCUMULO-3574,Bug,Resolved,Fixed
ACCUMULO-3576,Bug,Resolved,Fixed
ACCUMULO-3578,Bug,Resolved,Fixed
ACCUMULO-3580,Bug,Resolved,Fixed
ACCUMULO-3582,Bug,Resolved,Fixed
ACCUMULO-3583,Bug,Resolved,Fixed
ACCUMULO-3585,Bug,Resolved,Fixed
ACCUMULO-3589,Bug,Resolved,Fixed
ACCUMULO-3597,Bug,Resolved,Fixed
ACCUMULO-3600,Bug,Resolved,Fixed
ACCUMULO-3601,Bug,Resolved,Fixed
ACCUMULO-3604,Bug,Resolved,Fixed
ACCUMULO-3605,Bug,Resolved,Fixed
ACCUMULO-3606,Bug,Resolved,Fixed
ACCUMULO-3608,Bug,Resolved,Fixed
ACCUMULO-3609,Bug,Resolved,Fixed
ACCUMULO-3612,Bug,Resolved,Fixed
ACCUMULO-3613,Bug,Resolved,Fixed
ACCUMULO-3614,Bug,Resolved,Fixed
ACCUMULO-3616,Bug,Resolved,Fixed
ACCUMULO-3618,Bug,Resolved,Fixed
ACCUMULO-3625,Bug,Resolved,Fixed
ACCUMULO-3627,Bug,Resolved,Fixed
ACCUMULO-3628,Bug,Resolved,Fixed
ACCUMULO-3629,Bug,Resolved,Fixed
ACCUMULO-3631,Bug,Resolved,Fixed
ACCUMULO-3634,Bug,Resolved,Fixed
ACCUMULO-3636,Bug,Resolved,Fixed
ACCUMULO-3639,Bug,Resolved,Fixed
ACCUMULO-3642,Bug,Resolved,Fixed
ACCUMULO-3645,Bug,Resolved,Fixed
ACCUMULO-3646,Bug,Resolved,Fixed
ACCUMULO-3653,Bug,Resolved,Fixed
ACCUMULO-3655,Bug,Resolved,Fixed
ACCUMULO-3656,Bug,Resolved,Fixed
ACCUMULO-3657,Bug,Resolved,Fixed
ACCUMULO-3660,Bug,Resolved,Fixed
ACCUMULO-3664,Bug,Resolved,Fixed
ACCUMULO-3666,Bug,Resolved,Fixed
ACCUMULO-3682,Bug,Resolved,Fixed
ACCUMULO-3686,Bug,Resolved,Fixed
ACCUMULO-3687,Bug,Resolved,Fixed
ACCUMULO-3688,Bug,Resolved,Fixed
ACCUMULO-3689,Bug,Resolved,Fixed
ACCUMULO-3690,Bug,Resolved,Fixed
ACCUMULO-3691,Bug,Resolved,Fixed
ACCUMULO-3692,Bug,Resolved,Fixed
ACCUMULO-3693,Bug,Resolved,Fixed
ACCUMULO-3695,Bug,Resolved,Fixed
ACCUMULO-3696,Bug,Resolved,Fixed
ACCUMULO-3699,Bug,Resolved,Fixed
ACCUMULO-3701,Bug,Resolved,Fixed
ACCUMULO-3702,Bug,Resolved,Fixed
ACCUMULO-3704,Bug,Resolved,Fixed
ACCUMULO-3706,Bug,Resolved,Fixed
ACCUMULO-3707,Bug,Resolved,Fixed
ACCUMULO-3709,Bug,Resolved,Fixed
ACCUMULO-3715,Bug,Resolved,Fixed
ACCUMULO-3718,Bug,Resolved,Fixed
ACCUMULO-3719,Bug,Resolved,Fixed
ACCUMULO-3725,Bug,Resolved,Fixed
ACCUMULO-3734,Bug,Resolved,Fixed
ACCUMULO-3742,Bug,Resolved,Fixed
ACCUMULO-3745,Bug,Resolved,Fixed
ACCUMULO-3746,Bug,Resolved,Fixed
ACCUMULO-3747,Bug,Resolved,Fixed
ACCUMULO-3749,Bug,Resolved,Fixed
ACCUMULO-3750,Bug,Resolved,Fixed
ACCUMULO-3753,Bug,Resolved,Fixed
ACCUMULO-3754,Bug,Resolved,Fixed
ACCUMULO-3758,Bug,Resolved,Fixed
ACCUMULO-3762,Bug,Resolved,Fixed
ACCUMULO-3764,Bug,Resolved,Fixed
ACCUMULO-3766,Bug,Resolved,Fixed
ACCUMULO-3767,Bug,Resolved,Fixed
ACCUMULO-3768,Bug,Resolved,Fixed
ACCUMULO-3772,Bug,Resolved,Fixed
ACCUMULO-3775,Bug,Resolved,Fixed
ACCUMULO-3777,Bug,Resolved,Fixed
ACCUMULO-3778,Bug,Resolved,Fixed
ACCUMULO-3779,Bug,Resolved,Fixed
ACCUMULO-3784,Bug,Resolved,Fixed
ACCUMULO-3785,Bug,Resolved,Fixed
ACCUMULO-3786,Bug,Resolved,Fixed
ACCUMULO-3787,Bug,Resolved,Fixed
ACCUMULO-3788,Bug,Resolved,Fixed
ACCUMULO-3789,Bug,Resolved,Fixed
ACCUMULO-3790,Bug,Resolved,Fixed
ACCUMULO-3791,Bug,Resolved,Fixed
ACCUMULO-3792,Bug,Resolved,Fixed
ACCUMULO-3799,Bug,Resolved,Fixed
ACCUMULO-3800,Bug,Resolved,Fixed
ACCUMULO-3801,Bug,Resolved,Fixed
ACCUMULO-3803,Bug,Resolved,Fixed
ACCUMULO-3809,Bug,Resolved,Fixed
ACCUMULO-3810,Bug,Resolved,Fixed
ACCUMULO-3814,Bug,Resolved,Fixed
ACCUMULO-3815,Bug,Resolved,Fixed
ACCUMULO-3821,Bug,Resolved,Fixed
ACCUMULO-3822,Bug,Resolved,Fixed
ACCUMULO-3823,Bug,Resolved,Fixed
ACCUMULO-3827,Bug,Resolved,Fixed
ACCUMULO-3828,Bug,Resolved,Fixed
ACCUMULO-3831,Bug,Resolved,Fixed
ACCUMULO-3833,Bug,Resolved,Fixed
ACCUMULO-3834,Bug,Resolved,Fixed
ACCUMULO-3835,Bug,Resolved,Fixed
ACCUMULO-3837,Bug,Resolved,Fixed
ACCUMULO-3838,Bug,Resolved,Fixed
ACCUMULO-3839,Bug,Resolved,Fixed
ACCUMULO-3845,Bug,Resolved,Fixed
ACCUMULO-3847,Bug,Resolved,Fixed
ACCUMULO-3849,Bug,Resolved,Fixed
ACCUMULO-3852,Bug,Resolved,Fixed
ACCUMULO-3853,Bug,Resolved,Fixed
ACCUMULO-3856,Bug,Resolved,Fixed
ACCUMULO-3857,Bug,Resolved,Fixed
ACCUMULO-3859,Bug,Resolved,Fixed
ACCUMULO-3862,Bug,Resolved,Fixed
ACCUMULO-3864,Bug,Resolved,Fixed
ACCUMULO-3865,Bug,Resolved,Fixed
ACCUMULO-3866,Bug,Resolved,Fixed
ACCUMULO-3867,Bug,Resolved,Fixed
ACCUMULO-3868,Bug,Resolved,Fixed
ACCUMULO-3869,Bug,Resolved,Fixed
ACCUMULO-3870,Bug,Resolved,Fixed
ACCUMULO-3873,Bug,Resolved,Fixed
ACCUMULO-3874,Bug,Resolved,Fixed
ACCUMULO-3875,Bug,Resolved,Fixed
ACCUMULO-3876,Bug,Resolved,Fixed
ACCUMULO-3877,Bug,Resolved,Fixed
ACCUMULO-3878,Bug,Resolved,Fixed
ACCUMULO-3879,Bug,Resolved,Fixed
ACCUMULO-3880,Bug,Resolved,Fixed
ACCUMULO-3881,Bug,Resolved,Fixed
ACCUMULO-3882,Bug,Resolved,Fixed
ACCUMULO-3883,Bug,Resolved,Fixed
ACCUMULO-3886,Bug,Resolved,Fixed
ACCUMULO-3887,Bug,Resolved,Fixed
ACCUMULO-3889,Bug,Resolved,Fixed
ACCUMULO-3890,Bug,Resolved,Fixed
ACCUMULO-3893,Bug,Resolved,Fixed
ACCUMULO-3894,Bug,Resolved,Fixed
ACCUMULO-3897,Bug,Resolved,Fixed
ACCUMULO-3900,Bug,Resolved,Fixed
ACCUMULO-3901,Bug,Resolved,Fixed
ACCUMULO-3902,Bug,Resolved,Fixed
ACCUMULO-3905,Bug,Resolved,Fixed
ACCUMULO-3911,Bug,Resolved,Fixed
ACCUMULO-3912,Bug,Resolved,Fixed
ACCUMULO-3914,Bug,Resolved,Fixed
ACCUMULO-3915,Bug,Resolved,Fixed
ACCUMULO-3917,Bug,Resolved,Fixed
ACCUMULO-3919,Bug,Resolved,Fixed
ACCUMULO-3922,Bug,Resolved,Fixed
ACCUMULO-3923,Bug,Resolved,Fixed
ACCUMULO-3924,Bug,Resolved,Fixed
ACCUMULO-3928,Bug,Resolved,Fixed
ACCUMULO-3930,Bug,Resolved,Fixed
ACCUMULO-3937,Bug,Resolved,Fixed
ACCUMULO-3938,Bug,Resolved,Fixed
ACCUMULO-3939,Bug,Resolved,Fixed
ACCUMULO-3942,Bug,Resolved,Fixed
ACCUMULO-3945,Bug,Resolved,Fixed
ACCUMULO-3946,Bug,Resolved,Fixed
ACCUMULO-3954,Bug,Resolved,Fixed
ACCUMULO-3957,Bug,Resolved,Fixed
ACCUMULO-3958,Bug,Resolved,Fixed
ACCUMULO-3962,Bug,Resolved,Fixed
ACCUMULO-3963,Bug,Resolved,Fixed
ACCUMULO-3965,Bug,Resolved,Fixed
ACCUMULO-3966,Bug,Resolved,Fixed
ACCUMULO-3967,Bug,Resolved,Fixed
ACCUMULO-3972,Bug,Resolved,Fixed
ACCUMULO-3973,Bug,Resolved,Fixed
ACCUMULO-3977,Bug,Resolved,Fixed
ACCUMULO-3979,Bug,Resolved,Fixed
ACCUMULO-3985,Bug,Resolved,Fixed
ACCUMULO-3986,Bug,Resolved,Fixed
ACCUMULO-3988,Bug,Resolved,Fixed
ACCUMULO-3989,Bug,Resolved,Fixed
ACCUMULO-4001,Bug,Resolved,Fixed
ACCUMULO-4002,Bug,Resolved,Fixed
ACCUMULO-4012,Bug,Resolved,Fixed
ACCUMULO-4015,Bug,Resolved,Fixed
ACCUMULO-4016,Bug,Resolved,Fixed
ACCUMULO-4019,Bug,Resolved,Fixed
ACCUMULO-4021,Bug,Resolved,Fixed
ACCUMULO-4025,Bug,Resolved,Fixed
ACCUMULO-4026,Bug,Resolved,Fixed
ACCUMULO-4028,Bug,Resolved,Fixed
ACCUMULO-4029,Bug,Resolved,Fixed
ACCUMULO-4032,Bug,Resolved,Fixed
ACCUMULO-4033,Bug,Resolved,Fixed
ACCUMULO-4035,Bug,Resolved,Fixed
ACCUMULO-4038,Bug,Resolved,Fixed
ACCUMULO-4041,Bug,Resolved,Fixed
ACCUMULO-4053,Bug,Resolved,Fixed
ACCUMULO-4056,Bug,Resolved,Fixed
ACCUMULO-4058,Bug,Resolved,Fixed
ACCUMULO-4060,Bug,Resolved,Fixed
ACCUMULO-4065,Bug,Resolved,Fixed
ACCUMULO-4069,Bug,Resolved,Fixed
ACCUMULO-4071,Bug,Resolved,Fixed
ACCUMULO-4080,Bug,Resolved,Fixed
ACCUMULO-4083,Bug,Resolved,Fixed
ACCUMULO-4093,Bug,Resolved,Fixed
ACCUMULO-4095,Bug,Resolved,Fixed
ACCUMULO-4097,Bug,Resolved,Fixed
ACCUMULO-4098,Bug,Resolved,Fixed
ACCUMULO-4100,Bug,Resolved,Fixed
ACCUMULO-4108,Bug,Resolved,Fixed
ACCUMULO-4110,Bug,Resolved,Fixed
ACCUMULO-4112,Bug,Resolved,Fixed
ACCUMULO-4113,Bug,Resolved,Fixed
ACCUMULO-4115,Bug,Resolved,Fixed
ACCUMULO-4116,Bug,Resolved,Fixed
ACCUMULO-4117,Bug,Resolved,Fixed
ACCUMULO-4119,Bug,Resolved,Fixed
ACCUMULO-4121,Bug,Resolved,Fixed
ACCUMULO-4122,Bug,Resolved,Fixed
ACCUMULO-4123,Bug,Resolved,Fixed
ACCUMULO-4124,Bug,Resolved,Fixed
ACCUMULO-4125,Bug,Resolved,Fixed
ACCUMULO-4128,Bug,Resolved,Fixed
ACCUMULO-4135,Bug,Resolved,Fixed
ACCUMULO-4138,Bug,Resolved,Fixed
ACCUMULO-4139,Bug,Resolved,Fixed
ACCUMULO-4140,Bug,Resolved,Fixed
ACCUMULO-4141,Bug,Resolved,Fixed
ACCUMULO-4143,Bug,Resolved,Fixed
ACCUMULO-4144,Bug,Resolved,Fixed
ACCUMULO-4148,Bug,Resolved,Fixed
ACCUMULO-4157,Bug,Resolved,Fixed
ACCUMULO-4162,Bug,Resolved,Fixed
ACCUMULO-4163,Bug,Resolved,Fixed
ACCUMULO-4168,Bug,Resolved,Fixed
ACCUMULO-4169,Bug,Resolved,Fixed
ACCUMULO-4170,Bug,Resolved,Fixed
ACCUMULO-4180,Bug,Resolved,Fixed
ACCUMULO-4185,Bug,Resolved,Fixed
ACCUMULO-4191,Bug,Resolved,Fixed
ACCUMULO-4196,Bug,Resolved,Fixed
ACCUMULO-4229,Bug,Resolved,Fixed
ACCUMULO-4298,Bug,Resolved,Fixed
ACCUMULO-4305,Bug,Resolved,Fixed
ACCUMULO-4309,Bug,Resolved,Fixed
ACCUMULO-4311,Bug,Resolved,Fixed
ACCUMULO-4317,Bug,Resolved,Fixed
ACCUMULO-4321,Bug,Resolved,Fixed
ACCUMULO-4322,Bug,Resolved,Fixed
ACCUMULO-4330,Bug,Resolved,Fixed
ACCUMULO-4331,Bug,Resolved,Fixed
ACCUMULO-4334,Bug,Resolved,Fixed
ACCUMULO-4335,Bug,Resolved,Fixed
ACCUMULO-4341,Bug,Resolved,Fixed
ACCUMULO-4344,Bug,Resolved,Fixed
ACCUMULO-4346,Bug,Resolved,Fixed
ACCUMULO-4347,Bug,Resolved,Fixed
ACCUMULO-4349,Bug,Resolved,Fixed
ACCUMULO-4361,Bug,Resolved,Fixed
ACCUMULO-4362,Bug,Resolved,Fixed
ACCUMULO-4363,Bug,Resolved,Fixed
ACCUMULO-4365,Bug,Resolved,Fixed
ACCUMULO-4368,Bug,Resolved,Fixed
ACCUMULO-4369,Bug,Resolved,Fixed
ACCUMULO-4370,Bug,Resolved,Fixed
ACCUMULO-4371,Bug,Resolved,Fixed
ACCUMULO-4372,Bug,Resolved,Fixed
ACCUMULO-4373,Bug,Resolved,Fixed
ACCUMULO-4374,Bug,Resolved,Fixed
ACCUMULO-4381,Bug,Resolved,Fixed
ACCUMULO-4387,Bug,Resolved,Fixed
ACCUMULO-4388,Bug,Resolved,Fixed
ACCUMULO-4391,Bug,Resolved,Fixed
ACCUMULO-4397,Bug,Resolved,Fixed
ACCUMULO-4399,Bug,Resolved,Fixed
ACCUMULO-4401,Bug,Resolved,Fixed
ACCUMULO-4403,Bug,Resolved,Fixed
ACCUMULO-4405,Bug,Resolved,Fixed
ACCUMULO-4412,Bug,Resolved,Fixed
ACCUMULO-4414,Bug,Resolved,Fixed
ACCUMULO-4421,Bug,Resolved,Fixed
ACCUMULO-4422,Bug,Resolved,Fixed
ACCUMULO-4425,Bug,Resolved,Fixed
ACCUMULO-4428,Bug,Resolved,Fixed
ACCUMULO-4434,Bug,Resolved,Fixed
ACCUMULO-4436,Bug,Resolved,Fixed
ACCUMULO-4444,Bug,Resolved,Fixed
ACCUMULO-4445,Bug,Resolved,Fixed
ACCUMULO-4451,Bug,Resolved,Fixed
ACCUMULO-4454,Bug,Resolved,Fixed
ACCUMULO-4458,Bug,Resolved,Fixed
ACCUMULO-4459,Bug,Resolved,Fixed
ACCUMULO-4467,Bug,Resolved,Fixed
ACCUMULO-4469,Bug,Resolved,Fixed
ACCUMULO-4471,Bug,Resolved,Fixed
ACCUMULO-4474,Bug,Resolved,Fixed
ACCUMULO-4475,Bug,Resolved,Fixed
ACCUMULO-4476,Bug,Resolved,Fixed
ACCUMULO-4478,Bug,Resolved,Fixed
ACCUMULO-4482,Bug,Resolved,Fixed
ACCUMULO-4483,Bug,Resolved,Fixed
ACCUMULO-4488,Bug,Resolved,Fixed
ACCUMULO-4489,Bug,Resolved,Fixed
ACCUMULO-4504,Bug,Resolved,Fixed
ACCUMULO-4505,Bug,Resolved,Fixed
ACCUMULO-4506,Bug,Resolved,Fixed
ACCUMULO-4517,Bug,Resolved,Fixed
ACCUMULO-4519,Bug,Resolved,Fixed
ACCUMULO-4521,Bug,Resolved,Fixed
ACCUMULO-4533,Bug,Resolved,Fixed
ACCUMULO-4534,Bug,Resolved,Fixed
ACCUMULO-4535,Bug,Resolved,Fixed
ACCUMULO-4540,Bug,Resolved,Fixed
ACCUMULO-4541,Bug,Resolved,Fixed
ACCUMULO-4546,Bug,Resolved,Fixed
ACCUMULO-4547,Bug,Resolved,Fixed
ACCUMULO-4550,Bug,Resolved,Fixed
ACCUMULO-4556,Bug,Resolved,Fixed
ACCUMULO-4564,Bug,Resolved,Fixed
ACCUMULO-4570,Bug,Resolved,Fixed
ACCUMULO-4572,Bug,Resolved,Fixed
ACCUMULO-4575,Bug,Resolved,Fixed
ACCUMULO-4576,Bug,Resolved,Fixed
ACCUMULO-4577,Bug,Resolved,Fixed
ACCUMULO-4578,Bug,Resolved,Fixed
ACCUMULO-4579,Bug,Resolved,Fixed
ACCUMULO-4580,Bug,Resolved,Fixed
ACCUMULO-4585,Bug,Resolved,Fixed
ACCUMULO-4590,Bug,Resolved,Fixed
ACCUMULO-4593,Bug,Resolved,Fixed
ACCUMULO-4594,Bug,Resolved,Fixed
ACCUMULO-4597,Bug,Resolved,Fixed
ACCUMULO-4598,Bug,Resolved,Fixed
ACCUMULO-4600,Bug,Resolved,Fixed
ACCUMULO-4602,Bug,Resolved,Fixed
ACCUMULO-4605,Bug,Resolved,Fixed
ACCUMULO-4611,Bug,Resolved,Fixed
ACCUMULO-4613,Bug,Resolved,Fixed
ACCUMULO-4616,Bug,Resolved,Fixed
ACCUMULO-4619,Bug,Resolved,Fixed
ACCUMULO-4631,Bug,Resolved,Fixed
ACCUMULO-4633,Bug,Resolved,Fixed
ACCUMULO-4634,Bug,Resolved,Fixed
ACCUMULO-4639,Bug,Resolved,Fixed
ACCUMULO-4640,Bug,Resolved,Fixed
ACCUMULO-4649,Bug,Resolved,Fixed
ACCUMULO-4651,Bug,Resolved,Fixed
ACCUMULO-4652,Bug,Resolved,Fixed
ACCUMULO-4660,Bug,Resolved,Fixed
ACCUMULO-4662,Bug,Resolved,Fixed
ACCUMULO-4665,Bug,Resolved,Fixed
ACCUMULO-4669,Bug,Resolved,Fixed
ACCUMULO-4674,Bug,Resolved,Fixed
ACCUMULO-4675,Bug,Resolved,Fixed
ACCUMULO-4677,Bug,Resolved,Fixed
ACCUMULO-4678,Bug,Resolved,Fixed
ACCUMULO-4685,Bug,Resolved,Fixed
ACCUMULO-4686,Bug,Resolved,Fixed
ACCUMULO-4689,Bug,Resolved,Fixed
ACCUMULO-4696,Bug,Resolved,Fixed
ACCUMULO-4699,Bug,Resolved,Fixed
ACCUMULO-4700,Bug,Resolved,Fixed
ACCUMULO-4702,Bug,Resolved,Fixed
ACCUMULO-4708,Bug,Resolved,Fixed
ACCUMULO-4713,Bug,Resolved,Fixed
ACCUMULO-4716,Bug,Resolved,Fixed
ACCUMULO-4717,Bug,Resolved,Fixed
ACCUMULO-4718,Bug,Resolved,Fixed
ACCUMULO-4721,Bug,Resolved,Fixed
ACCUMULO-4743,Bug,Resolved,Fixed
ACCUMULO-4744,Bug,Resolved,Fixed
ACCUMULO-4745,Bug,Resolved,Fixed
ACCUMULO-4751,Bug,Resolved,Fixed
ACCUMULO-4754,Bug,Resolved,Fixed
ACCUMULO-4756,Bug,Resolved,Fixed
ACCUMULO-4758,Bug,Resolved,Fixed
ACCUMULO-4760,Bug,Resolved,Fixed
ACCUMULO-4766,Bug,Resolved,Fixed
ACCUMULO-4770,Bug,Resolved,Fixed
ACCUMULO-4774,Bug,Resolved,Fixed
ACCUMULO-4775,Bug,Resolved,Fixed
ACCUMULO-4776,Bug,Resolved,Fixed
ACCUMULO-4777,Bug,Resolved,Fixed
ACCUMULO-4778,Bug,Resolved,Fixed
ACCUMULO-4779,Bug,Resolved,Fixed
ACCUMULO-4780,Bug,Resolved,Fixed
ACCUMULO-4781,Bug,Resolved,Fixed
ACCUMULO-4782,Bug,Resolved,Fixed
ACCUMULO-4786,Bug,Resolved,Fixed
ACCUMULO-4787,Bug,Resolved,Fixed
ACCUMULO-4804,Bug,Resolved,Fixed
ACCUMULO-4805,Bug,Resolved,Fixed
ACCUMULO-4809,Bug,Resolved,Fixed
ACCUMULO-4827,Bug,Resolved,Fixed
ACCUMULO-4829,Bug,Resolved,Fixed
ACCUMULO-4832,Bug,Resolved,Fixed
ACCUMULO-4833,Bug,Resolved,Fixed
ACCUMULO-4835,Bug,Resolved,Fixed
ACCUMULO-4836,Bug,Resolved,Fixed
ACCUMULO-4847,Bug,Resolved,Fixed
ACCUMULO-4848,Bug,Resolved,Fixed
ACCUMULO-4853,Bug,Closed,Fixed
